Model, Rule % Non-Compliance, Inv Rule % Non-Compliance
gemma2:9b , 0.3461933940242764 , 0.45913690476190494
qwen2.5:3b , 0.5033981092436974 , 0.5492361111111113
gpt-oss , 0.22024870554282328 , 0.3530699855699856
llama3.2:1b , 0.6618703314659198 , 0.7331547619047619
