Model, PromptTest % Non-Compliance, Baseline % Non-Compliance
gemma2:9b , 0.4190909090909092 , 0.3868181818181817
qwen2.5:3b , 0.55 , 0.47818181818181815
gpt-oss , 0.3186363636363635 , 0.24136363636363645
llama3.2:1b , 0.7004545454545454 , 0.6690909090909091
