model,errors,tests,tests compliant,tests valid,accuracy with azure:o4-mini_2025-04-16
gemma2:9b,0,14,100%,13,3.5714285714285716
qwen2.5:3b,0,14,93%,13,64.28571428571429
gpt-oss,0,14,100%,13,69.28571428571429
llama3.2:1b,0,14,93%,13,16.428571428571427
