Model, Rule % Non-Compliance, Inv Rule % Non-Compliance
gemma2:9b , 0.285533380018674 , 0.3801053113553112
qwen2.5:3b , 0.4910754686489981 , 0.5494123931623932
gpt-oss , 0.20403746580217164 , 0.3446692196692198
llama3.2:1b , 0.6475925626660921 , 0.7331959706959708
