Model, Rule % Non-Compliance, Inv Rule % Non-Compliance
gemma2:9b , 0.30524793250633586 , 0.4186507936507936
qwen2.5:3b , 0.4871531946111778 , 0.48730158730158724
gpt-oss , 0.270723516679399 , 0.4273809523809524
llama3.2:1b , 0.6838085234093638 , 0.7756802721088436
