Model, PromptPex % Non-Compliance, Baseline % Non-Compliance
gemma2:9b , 0.40294117647058825 , 0.40294117647058825
qwen2.5:3b , 0.5205882352941176 , 0.5205882352941176
gpt-oss , 0.36058823529411765 , 0.36058823529411765
llama3.2:1b , 0.7364705882352941 , 0.7364705882352941
