model,errors,tests,tests compliant,tests valid,accuracy with azure:o4-mini_2025-04-16
gemma2:9b,0,24,13%,24,17.083333333333332
qwen2.5:3b,0,24,0%,24,1.25
gpt-oss,0,24,25%,24,43.333333333333336
llama3.2:1b,0,24,0%,24,0.8333333333333334
