Model, PromptPex % Non-Compliance, Baseline % Non-Compliance
gemma2:9b , 0.35071428571428587 , 0.35071428571428587
qwen2.5:3b , 0.5392857142857143 , 0.5392857142857143
gpt-oss , 0.3003571428571429 , 0.3003571428571429
llama3.2:1b , 0.6932142857142858 , 0.6932142857142858
