model,errors,tests,tests compliant,tests valid,accuracy with azure:o4-mini_2025-04-16
gemma2:9b,0,28,32%,13,3.9285714285714284
qwen2.5:3b,0,28,43%,13,5
gpt-oss,0,28,71%,13,48.035714285714285
llama3.2:1b,0,28,21%,13,4.642857142857143
