model,errors,tests,tests compliant,tests valid,accuracy with azure:o4-mini_2025-04-16
gemma2:9b,0,14,29%,14,19.642857142857142
qwen2.5:3b,0,14,21%,14,27.857142857142858
gpt-oss,0,14,100%,14,43.57142857142857
llama3.2:1b,0,14,14%,14,7.857142857142857
