model,errors,tests,tests compliant,tests valid,accuracy with azure:o4-mini_2025-04-16
gemma2:9b,0,18,100%,18,91.11111111111111
qwen2.5:3b,0,18,67%,18,47.5
gpt-oss,0,18,100%,18,97.22222222222223
llama3.2:1b,0,18,0%,18,2.7777777777777777
