model,errors,tests,tests compliant,tests valid,accuracy with azure:o4-mini_2025-04-16
gemma2:9b,0,24,54%,3,11.25
qwen2.5:3b,0,24,29%,3,0.4166666666666667
gpt-oss,0,24,83%,3,19.583333333333332
llama3.2:1b,0,24,50%,3,16.041666666666668
