model,errors,tests,tests compliant,tests valid,accuracy with azure:o4-mini_2025-04-16
gemma2:9b,0,18,17%,18,16.38888888888889
qwen2.5:3b,0,18,17%,18,2.2222222222222223
gpt-oss,0,18,22%,18,10
llama3.2:1b,0,18,0%,18,0.5555555555555556
